<?xml version="1.0" encoding="UTF-8"?>
<!DOCTYPE log4j:configuration SYSTEM "log4j.dtd">
<!-- ===================================================================== -->
<!--                                                                       -->
<!--  Log4j Configuration                                                  -->
<!--                                                                       -->
<!-- ===================================================================== -->
<!-- $Id: log4j.xml,v 1.8 2006/04/26 17:29:10 gavin Exp $ -->
<!--
   | For more configuration infromation and examples see the Jakarta Log4j
   | owebsite: http://jakarta.apache.org/log4j
 -->
<log4j:configuration xmlns:log4j="http://jakarta.apache.org/log4j/" debug="false">
	<appender name="CONSOLE" class="org.apache.log4j.ConsoleAppender">
		<param name="Target" value="System.out"/>
		<layout class="org.apache.log4j.PatternLayout">
			<param name="ConversionPattern" value="%-5p %d{dd-MM HH:mm:ss,SSS} (%F:%M:%L) \t %m%n"/>
		</layout>
	</appender>
	<logger name="org.drools">
		<level value="DEBUG"/>
	</logger>
	<root>
		<priority value="ERROR"/>
		<appender-ref ref="CONSOLE"/>
	</root>
</log4j:configuration>
