<?xml version="1.0" encoding="UTF-8"?>
<components xmlns="http://jboss.com/products/seam/components"
            xmlns:core="http://jboss.com/products/seam/core"
            xmlns:security="http://jboss.com/products/seam/security"
            xmlns:web="http://jboss.com/products/seam/web"
            xmlns:xsi="http://www.w3.org/2001/XMLSchema-instance"
            xmlns:transaction="http://jboss.com/products/seam/transaction"
            xsi:schemaLocation=
                "http://jboss.com/products/seam/core http://jboss.com/products/seam/core-2.0.xsd
                 http://jboss.com/products/seam/security http://jboss.com/products/seam/security-2.0.xsd
                 http://jboss.com/products/seam/components http://jboss.com/products/seam/components-2.0.xsd
                 http://jboss.com/products/seam/web http://jboss.com/products/seam/web-2.0.xsd
                 http://jboss.com/products/seam/transaction http://jboss.com/products/seam/transaction-2.0.xsd">


	<core:init transaction-management-enabled="false"/>
	<transaction:no-transaction/>

    <component name="repositoryConfiguration">
		<!--
		  *** This is for configuring the "home" directory for the repo storage. the directory must exist. 	***
	      <property name="homeDirectory">/home/michael/RulesRepository_001</property>
	    -->

	    <!--
	      Optional: this is for creating a configurator for a seperate repository type.
	      <property name="configurator">org.drools.repository.JackrabbitRepositoryConfigurator</property>
	    -->
    </component>

    <!-- SECURITY IDENTITY CONFIGURATION -->

    <!-- default (will take any username, useful if you want to keep track of users but not authenticate -->
    <security:identity authenticate-method="#{defaultAuthenticator.authenticate}"/>


	<!-- NO authentication. This will bypass the login screen when you hit the app. Everyone is "guest" -->
	<!-- <security:identity authenticate-method="#{nilAuthenticator.authenticate}"/> -->


	<!-- FOR EXAMPLE: the following one will use the jaas configuration called "other" - which in jboss AS means you can use properties files for users: -->
	<!-- <security:identity authenticate-method="#{authenticator.authenticate}" jaas-config-name="other"/> -->

    <!-- as JAAS is used you can use container specific ones to link up to your login services, eg LDAP/AD etc -->

    <!-- SECURITY AUTHORIZATION CONFIGURATION -->
    <!-- This is used to enable or disable role-based authorization. By default it is disabled. -->
    <security:role-based-permission-resolver enable-role-based-authorization="false"/>

</components>